,y,y_err,tau,tau_err
0,8.624459036017966e-09,6.4317097089628454e-09,8.141608386495544e-06,1.5973840108955357e-06
1,9.654068968618295e-09,6.764540638923865e-09,8.733100672176644e-06,1.7255129709539733e-06
2,1.5393665649073163e-08,8.787972712661182e-09,9.880248017958786e-06,2.149302045127577e-06
3,2.5233007449264433e-08,1.1898689995849724e-08,1.3031871487997985e-05,2.629078721796698e-06
4,2.580006744621904e-08,8.38586708000174e-09,1.8672209158985996e-05,2.9013376532221545e-06
5,4.243715801421711e-08,1.1249304764984912e-08,2.953626119138875e-05,3.7572932357758662e-06
6,7.527861230928107e-08,1.7990138413418235e-08,4.070759841250516e-05,5.819311022887515e-06
7,1.414725620549682e-07,2.7279229964731238e-08,7.489718269661384e-05,1.8545898458235933e-05
8,2.6388313173138567e-07,4.1331356002149606e-08,0.00017272287291146494,4.381452186306848e-05
9,3.8442982462627086e-07,5.989894879530247e-08,0.00024097504904205537,6.310770762191765e-05
