,f090_dy,f090_dy_err,f150_dy,f150_dy_err,ilc_dy,ilc_dy_err,ilc_cib_1.6_10.7_dy,ilc_cib_1.6_10.7_dy_err,ilc_db_1.6_10.7_dy,ilc_db_1.6_10.7_dy_err
L36,1.9469782606359022e-08,2.1601713678681667e-09,2.135061633889701e-08,3.305203773781326e-09,3.2345926873530434e-08,1.8461720232078399e-09,3.90783582615353e-08,2.1403389251256803e-09,2.2228348954475292e-08,7.136742217066657e-09
L36_rc,9.603502446158296e-08,2.50108870644776e-09,7.270674415758406e-08,3.7275291135431105e-09,6.208800335908971e-08,2.058760148443595e-09,6.791226835321132e-08,2.384928233198346e-09,6.98473069609896e-08,7.671761372369468e-09
L48,2.3180947025127752e-08,2.499169394553717e-09,2.5452736831450802e-08,3.7896187852571314e-09,3.933208694492656e-08,2.1197584019009413e-09,4.653618342156544e-08,2.4750752925688293e-09,3.096154973604816e-08,8.026333492792526e-09
L48_rc,1.031226665143697e-07,2.837794544435628e-09,7.93084915670816e-08,4.245246028760681e-09,7.037466057607218e-08,2.3965183785063572e-09,7.726846705263399e-08,2.815309549516804e-09,8.344760689387693e-08,8.683588999674987e-09
L60,3.1633772285469576e-08,3.119720134750656e-09,3.349066878219612e-08,4.665145634523341e-09,5.3366465949000966e-08,2.6260461413691434e-09,6.036261076765464e-08,3.0296651420747797e-09,3.799843212223986e-08,9.837326601413091e-09
L60_rc,1.1558167986594221e-07,3.3543864943612352e-09,9.003478701217654e-08,5.120595749875517e-09,8.486845870315226e-08,2.982024405332534e-09,9.132351306163342e-08,3.421504044689262e-09,9.293479925274885e-08,1.081675435391468e-08
L79,4.3484325857437e-08,4.522283571762641e-09,5.398305084195615e-08,6.519029683545442e-09,7.971329547806102e-08,3.8159701299286275e-09,8.859645421080657e-08,4.333959460727917e-09,4.8463682189220425e-08,1.3636029485246446e-08
L79_rc,1.3210772049747822e-07,4.5443231379223264e-09,1.0841457761115192e-07,7.0497013680163215e-09,1.1139548650891207e-07,4.243270880577271e-09,1.1935468403743366e-07,4.884618978411682e-09,1.0556251763743573e-07,1.5628847180406184e-08
L98,7.239845553719113e-08,6.606017583767457e-09,7.876413735990775e-08,9.591813703585912e-09,1.2292232964852161e-07,5.431997329694694e-09,1.3533997365576478e-07,6.221842457624896e-09,9.153877015398577e-08,1.9229097113055884e-08
L98_rc,1.6790880408608994e-07,6.4087829320122205e-09,1.2540328318449084e-07,1.0106471351942296e-08,1.5269451517880044e-07,6.161637833597645e-09,1.665272961090865e-07,6.907142015031125e-09,1.5857675120884034e-07,2.1748153403487883e-08
L36D,7.980313657586016e-09,4.264016888324518e-09,9.785549696542016e-09,6.8528927482223044e-09,1.1007294149094053e-08,3.508806874661076e-09,1.6263881894209292e-08,4.061893986589758e-09,-4.305648576531123e-09,1.417570771076808e-08
L36D_rc,7.338182486921229e-08,4.373310846765442e-09,5.32002610393407e-08,6.7795283377088145e-09,3.70873872464389e-08,3.9236812918436164e-09,3.9701514442074943e-08,4.578437487177498e-09,2.9059191770504183e-08,1.5602598817222713e-08
L48D,6.900507550866992e-09,4.322631253858808e-09,8.309207520518971e-09,6.437606264388679e-09,1.1642336947486421e-08,3.4858226394898273e-09,1.930985954426674e-08,4.167156487537239e-09,1.71545260475257e-08,1.3475085833654532e-08
L48D_rc,8.115808731340935e-08,4.410023743371706e-09,5.835026567316347e-08,6.944222026063949e-09,4.2564553070957145e-08,3.864451710144654e-09,5.036077799701038e-08,4.553553711756553e-09,6.549483423375776e-08,1.516917213321515e-08
L60D,1.95451503393192e-08,4.3581075959031825e-09,1.3126012089796438e-08,6.9003251684165584e-09,2.686857356030736e-08,3.623873869095051e-09,3.1960434187936285e-08,4.141252838220636e-09,2.7439031711417283e-08,1.3764747780223834e-08
L60D_rc,9.85003976326178e-08,4.660326670831979e-09,7.209424937502127e-08,6.8179508869458875e-09,5.881636924849943e-08,3.972172709151148e-09,6.379090296254759e-08,4.579135123603571e-09,8.042739619604166e-08,1.5652432938711756e-08
L79D,1.5269406945259407e-08,6.190303698256896e-09,3.0297395456429884e-08,8.940357091077043e-09,3.678677701867783e-08,5.166637049448101e-09,4.2159189878038355e-08,5.9306888189964314e-09,5.661971153749693e-09,1.9494058591419382e-08
L79D_rc,9.82982471717701e-08,6.1388081880864564e-09,9.192085958231385e-08,9.719181532090421e-09,7.127229920642561e-08,5.74073153433638e-09,7.352313293435526e-08,6.822483222712305e-09,5.40481320518333e-08,2.2656397118465252e-08
M10,2.752131725307119e-08,2.052686640607934e-09,1.8796192535921627e-08,3.2220695097693873e-09,-1.8364206075810302e-09,1.3963838831038091e-09,-3.082385512337021e-09,1.5351473953463584e-09,-5.789005927263577e-09,3.6051135320293404e-09
M10_rc,9.179133403801653e-08,3.397302867946112e-09,7.162555402905367e-08,4.681239720027938e-09,2.8005509546291734e-08,1.7432214499340776e-09,2.978081132990156e-08,1.916960605300521e-09,3.965120701865519e-08,4.3487184548033205e-09
M10.25,2.8633915106144583e-08,2.031108879840166e-09,2.063388784207453e-08,3.2829721744012083e-09,-2.2116830630508064e-10,1.53046437571488e-09,-1.4385775436514044e-09,1.6542227686964287e-09,-5.008169180698209e-09,3.807854300665841e-09
M10.25_rc,9.356036802022476e-08,3.576604376480486e-09,7.31149231600313e-08,4.9330278143806284e-09,2.9459934605610564e-08,1.87023344474158e-09,3.132995157819763e-08,2.050975693805577e-09,4.029922098729888e-08,4.5716093311183625e-09
M10.5,3.1334571076969554e-08,2.310022507294547e-09,2.3427498344807094e-08,3.6049489211749135e-09,4.182229827106314e-09,1.681142790652176e-09,2.320838777680466e-09,1.8609840438926606e-09,7.95973269625746e-10,4.291991878123453e-09
M10.5_rc,9.608632582154441e-08,3.895271133549793e-09,7.61749700382786e-08,5.315049443074296e-09,3.400039162867725e-08,2.086388309442546e-09,3.5481957147832875e-08,2.297623411533809e-09,4.448422704922912e-08,5.352242847842521e-09
M10.75,3.7805576096694295e-08,2.822000412292944e-09,2.9299399015568424e-08,4.272950867298476e-09,9.873737496501513e-09,2.0874101901518813e-09,7.043669802444092e-09,2.3006103910076353e-09,7.748405010170941e-09,5.309603512062866e-09
M10.75_rc,1.0378646247361237e-07,4.5542391946303115e-09,8.337451198824328e-08,6.197277601856517e-09,3.97790109541762e-08,2.5201253471246195e-09,4.0561964466001626e-08,2.7872673757691084e-09,4.906609507598089e-08,6.314134805422641e-09
M11,4.8202037354582423e-08,3.774194899567905e-09,4.144717122359016e-08,5.5571347961739585e-09,2.2310885409296445e-08,2.6650754102467853e-09,2.0311610719182408e-08,2.925125780348643e-09,2.0723163105831442e-08,6.9986929303251725e-09
M11_rc,1.134706758070768e-07,5.724395386462443e-09,9.376974208143756e-08,7.64101756754219e-09,5.135179411328093e-08,3.2892325659993276e-09,5.3039698703997915e-08,3.671984564036513e-09,5.94357879401025e-08,8.532897972809986e-09
M11.25,7.177785751340069e-08,5.863455610538705e-09,7.383759200157988e-08,8.478936588578855e-09,5.2924747488146386e-08,4.1338086499996396e-09,5.020328546664239e-08,4.598074230518789e-09,4.58308433138887e-08,1.0816192110102118e-08
M11.25_rc,1.3923680212918098e-07,7.369486507220727e-09,1.2700149565020145e-07,1.1065847431397057e-08,8.1812362869388e-08,4.9969799566081815e-09,8.33170483910664e-08,5.598746173708265e-09,7.210612636356657e-08,1.3265539464690917e-08
L5,1.1720895315888709e-07,9.909115431879552e-09,1.1773872865263378e-07,1.2529554176717052e-08,1.8209162137722042e-07,1.2043344934975329e-08,1.8839448824430665e-07,1.200025459751252e-08,1.9052891167214809e-07,1.49575293142157e-08
L5_rc,1.971161486661201e-07,5.003416871664569e-09,1.9890898878588798e-07,1.1367713623199904e-08,1.9674263471115338e-07,9.690396950246011e-09,2.052471837516694e-07,9.754044004185966e-09,2.112973125042308e-07,1.4694310961479463e-08
L10,3.320119684015301e-07,1.5729704368462625e-08,3.778187071260369e-07,2.0148472452397307e-08,4.78443443189991e-07,1.907685849523312e-08,4.805785389811773e-07,1.8952701147194644e-08,4.843764648423875e-07,2.403695070061079e-08
L10_rc,4.030465775000424e-07,9.30148749860753e-09,4.060899422151345e-07,1.4493617907270742e-08,4.6660072077494354e-07,1.6040055804497273e-08,4.7167380851080876e-07,1.616850078384087e-08,4.810054732382667e-07,2.4839098449251773e-08
L20,9.447077738572326e-07,2.8338097794333128e-08,1.108408950591721e-06,3.6461777927337776e-08,1.2605260555997993e-06,3.3658956829827574e-08,1.2547686909949363e-06,3.3451458932003296e-08,1.2476350288208788e-06,4.254441409560452e-08
L20_rc,9.658587884835992e-07,2.8659144344735824e-08,1.0544457906646565e-06,3.868963601531994e-08,1.1703151354539453e-06,3.2503292850112736e-08,1.1619910611627431e-06,3.278649711670737e-08,1.19141021944285e-06,4.955823323485359e-08
