,ilc_cib_1.6_10.7_tsz_tau,ilc_cib_1.6_10.7_tsz_tau_staterr,ilc_cib_1.6_10.7_tsz_tau_syserr,ilc_db_1.6_10.7_tsz_tau,ilc_db_1.6_10.7_tsz_tau_staterr,ilc_db_1.6_10.7_tsz_tau_syserr,ilc_ksz_tau,ilc_ksz_tau_err
M10,,1.287911069174857e-06,0.0,,2.839787060112584e-06,0.0,1.23e-05,6.5e-06
M10_rc,2.007298985585146e-05,1.1939212766801e-06,1.564710275807022e-06,2.6167067676679123e-05,2.6476519191435906e-06,1.8639085155866429e-06,1.23e-05,6.5e-06
M10.25,,1.38006682658496e-06,0.0,,2.9871593888019954e-06,0.0,2.19e-05,6.800000000000001e-06
M10.25_rc,2.1036564391365094e-05,1.2724647402200495e-06,1.6146139370047315e-06,2.6560780990442764e-05,2.7794449827997447e-06,1.8818405904094106e-06,2.19e-05,6.800000000000001e-06
M10.5,1.8932751906023678e-06,1.3730387407977326e-06,3.269978211264599e-07,7.027054908984031e-07,3.2142516504857196e-06,1.5393438730111697e-07,2.21e-05,7.600000000000001e-06
M10.5_rc,2.3667397181234488e-05,1.4161290095287217e-06,1.7407749242050832e-06,2.918100765357857e-05,3.237968674414437e-06,1.9908134485608787e-06,2.21e-05,7.600000000000001e-06
M10.75,5.2803435487691035e-06,1.5800379081094426e-06,6.765487240941216e-07,5.767910403058586e-06,3.5851014621812856e-06,7.160456515046205e-07,3.3100000000000005e-05,8.900000000000001e-06
M10.75_rc,2.672131294518821e-05,1.6964369438255211e-06,1.876369252453284e-06,3.187266865412878e-05,3.7815478276266495e-06,2.1234699246691635e-06,3.3100000000000005e-05,8.900000000000001e-06
M11,1.4069846142773496e-05,1.8671675403098701e-06,1.2535887399810641e-06,1.4333688455313322e-05,4.433372664646505e-06,1.3083138073515458e-06,5.360000000000001e-05,1.0600000000000002e-05
M11_rc,3.422748680955862e-05,2.189208904707222e-06,2.252149614413943e-06,3.803399727926041e-05,5.031770222480501e-06,2.4127258200070425e-06,5.360000000000001e-05,1.0600000000000002e-05
M11.25,3.2493900698492626e-05,2.7473762041065693e-06,2.1538051590972388e-06,2.986405692591752e-05,6.475160530552174e-06,2.028690224583369e-06,5.18e-05,1.9200000000000003e-05
M11.25_rc,5.194739385400887e-05,3.2252561472720167e-06,3.0807139397291864e-06,4.543964411164474e-05,7.69315200094446e-06,2.7734858703702237e-06,5.18e-05,1.9200000000000003e-05
