L36,0.47142867,0.5909419,0.72514933,0.82633027,0.88792844,0.92341549,0.94475987,0.95844611,0.96777091,0.97437275,0.97921139,0.9828436,0.98562655
L48,0.44356435,0.56264129,0.71575796,0.83056009,0.8963394,0.93161488,0.95174541,0.96391915,0.97208873,0.97764923,0.98168331,0.98464681,0.98688708
L60,0.45302331,0.57508814,0.71561233,0.82271056,0.88737987,0.92396505,0.94564125,0.95945139,0.96881955,0.97544009,0.98026713,0.98386795,0.98660724
L79,0.45503124,0.57954989,0.71860211,0.82564724,0.88963983,0.92584591,0.94690463,0.96048398,0.96954635,0.97597772,0.98059271,0.98402189,0.98660957
L98,0.43321576,0.55695971,0.70510948,0.82060996,0.88945122,0.9270317,0.94847219,0.96191618,0.97099122,0.97738004,0.98199031,0.98538565,0.98791578
L36D,0.44719488,0.57966256,0.72446866,0.8280342,0.89268546,0.92770446,0.94860219,0.96173951,0.97040812,0.97654025,0.98088563,0.98417391,0.98664534
L48D,0.4511584,0.57850326,0.7203754,0.82805413,0.89313591,0.92832797,0.94919086,0.96215346,0.97075096,0.97681081,0.9811356,0.98434988,0.98675354
L60D,0.45214498,0.57257955,0.71710022,0.82680239,0.8919376,0.92790125,0.94886788,0.96184966,0.97068401,0.97675441,0.9811665,0.98442297,0.98685873
L79D,0.46245164,0.57363068,0.71687829,0.82603416,0.89060013,0.9266526,0.94772782,0.96109221,0.97006518,0.97636677,0.98091834,0.9842744,0.98681129
M10,0.63183054,0.72734019,0.81356131,0.87384779,0.91113799,0.93396047,0.94919671,0.95960638,0.96709402,0.97267155,0.97694746,0.98031806,0.98301179
M10.25,0.14487133,0.6803457,0.84649614,0.87649668,0.91120809,0.93887745,0.95162168,0.9629405,0.96992508,0.97588323,0.97928743,0.98233396,0.98483706
M10.5,-2.22951425,0.37780585,0.87175947,0.89618703,0.92194079,0.94481775,0.95440281,0.9650705,0.96908654,0.97465313,0.97899753,0.98190976,0.98496855
M10.75,0.51659132,0.76947981,0.80001435,0.8788217,0.91141549,0.93644738,0.94987151,0.96010069,0.96783039,0.97319163,0.97758114,0.98086818,0.98355973
M11,0.5341674,0.73242678,0.8115128,0.87323447,0.90757586,0.93150958,0.94840941,0.95906759,0.96695855,0.97304652,0.97742483,0.9809134,0.98373276
M11.25,0.64244958,0.71880797,0.8016625,0.86261914,0.90287039,0.92865578,0.94563337,0.95723884,0.96548674,0.97158622,0.97625984,0.97992178,0.98285726
L5,0.52040944,0.65559435,0.78026984,0.86469211,0.91324316,0.94117473,0.95790772,0.96851526,0.97561708,0.98056871,0.98414039,0.98678821,0.98881656
L10,0.55671403,0.67699518,0.79106029,0.86889898,0.91263864,0.93907658,0.95550141,0.96621142,0.9735366,0.97874603,0.98253345,0.9853623,0.98757447
L20,0.55673861,0.67161618,0.78746199,0.86874536,0.91283742,0.93941098,0.95605971,0.96670731,0.9740449,0.97917258,0.98286574,0.98564595,0.98782268
